id,title,author,description,genre,quantity
1,Book 1,Author 1,Description 1,Genre 1,10
2,Book 2,Author 2,Description 2,Genre 2,20
3,Book 3,Author 3,Description 3,Genre 3,30
4,Book 4,Author 4,Description 4,Genre 4,40
5,Book 5,Author 5,Description 5,Genre 5,50
6,Book 6,Author 6,Description 6,Genre 6,60
7,Book 7,Author 7,Description 7,Genre 7,70
8,Book 8,Author 8,Description 8,Genre 8,80
9,Book 9,Author 9,Description 9,Genre 9,90
10,Book 10,Author 10,Description 10,Genre 10,100
11,Book 11,Author 11,Description 11,Genre 11,110
12,Book 12,Author 12,Description 12,Genre 12,120
13,Book 13,Author 13,Description 13,Genre 13,130
14,Book 14,Author 14,Description 14,Genre 14,140
15,Book 15,Author 15,Description 15,Genre 15,150
16,Book 16,Author 16,Description 16,Genre 16,160
17,Book 17,Author 17,Description 17,Genre 17,170
18,Book 18,Author 18,Description 18,Genre 18,180
19,Book 19,Author 19,Description 19,Genre 19,190
20,Book 20,Author 20,Description 20,Genre 20,200
21,Book 21,Author 21,Description 21,Genre 21,210
22,Book 22,Author 22,Description 22,Genre 22,220
23,Book 23,Author 23,Description 23,Genre 23,230
24,Book 24,Author 24,Description 24,Genre 24,240
25,Book 25,Author 25,Description 25,Genre 25,250
26,Book 26,Author 26,Description 26,Genre 26,260
27,Book 27,Author 27,Description 27,Genre 27,270
28,Book 28,Author 28,Description 28,Genre 28,280
29,Book 29,Author 29,Description 29,Genre 29,290
30,Book 30,Author 30,Description 30,Genre 30,300